"Designator","Val","Package","Mid X","Mid Y","Rotation","Layer"
"C001","4.7μF","unpolarised-nominal-0402-1005","94.100000","-47.700000","-90.000000","bottom"
"C004","4.7μF","unpolarised-nominal-0402-1005","124.500000","-58.500000","90.000000","bottom"
"C005","4.7μF","unpolarised-nominal-0402-1005","122.300000","-58.500000","90.000000","bottom"
"C006","4.7μF","unpolarised-nominal-0402-1005","120.300000","-58.500000","90.000000","bottom"
"C007","4.7μF","unpolarised-nominal-0402-1005","79.700000","-69.500000","-90.000000","bottom"
"C008","4.7μF","unpolarised-nominal-0402-1005","77.700000","-69.500000","-90.000000","bottom"
"C009","4.7μF","unpolarised-nominal-0402-1005","75.500000","-69.500000","-90.000000","bottom"
"C011","100nF","unpolarised-nominal-0402-1005","115.600000","-50.800000","90.000000","bottom"
"C101","4.7μF","unpolarised-nominal-0805-2012","134.591323","-126.191323","180.000000","bottom"
"C102","4.7μF","unpolarised-nominal-0805-2012","141.400000","-122.000000","90.000000","bottom"
"C103","100nF","unpolarised-nominal-0402-1005","142.900000","-122.000000","90.000000","bottom"
"C104","100nF","unpolarised-nominal-0402-1005","144.300000","-124.600000","-90.000000","bottom"
"C106","39pF","unpolarised-nominal-0402-1005","143.300000","-119.400000","90.000000","bottom"
"C107","100nF","unpolarised-nominal-0402-1005","143.300000","-124.600000","-90.000000","bottom"
"C108","100pF","unpolarised-nominal-0402-1005","146.300000","-124.600000","-90.000000","bottom"
"C109","4.7μF","unpolarised-nominal-0402-1005","146.700000","-122.000000","90.000000","bottom"
"C110","4.7μF","unpolarised-nominal-0402-1005","131.400000","-114.900000","180.000000","bottom"
"C111","100nF","unpolarised-nominal-0402-1005","139.900000","-110.700000","90.000000","bottom"
"C112","4.7μF","unpolarised-nominal-0402-1005","137.200000","-113.400000","180.000000","bottom"
"C113","4.7μF","unpolarised-nominal-0402-1005","140.900000","-110.700000","90.000000","bottom"
"C114","470pF","unpolarised-nominal-0402-1005","137.200000","-114.900000","180.000000","bottom"
"C115","470pF","unpolarised-nominal-0402-1005","137.200000","-111.900000","180.000000","bottom"
"C116","22μF","unpolarised-nominal-0805-2012","156.600000","-122.500000","-90.000000","bottom"
"C117","22μF","unpolarised-nominal-0805-2012","154.600000","-122.500000","-90.000000","bottom"
"C118","4.7μF","unpolarised-nominal-0402-1005","155.600000","-119.400000","90.000000","bottom"
"C119","4.7μF","unpolarised-nominal-0402-1005","156.600000","-119.400000","90.000000","bottom"
"C120","4.7μF","unpolarised-nominal-0402-1005","154.600000","-119.400000","90.000000","bottom"
"C121","4.7μF","unpolarised-nominal-0402-1005","154.800000","-126.700000","180.000000","bottom"
"C122","47nF","unpolarised-nominal-0402-1005","151.500000","-121.500000","180.000000","bottom"
"C123","22μF","unpolarised-nominal-0805-2012","148.800000","-112.800000","90.000000","bottom"
"C124","22μF","unpolarised-nominal-0805-2012","148.800000","-116.200000","-90.000000","bottom"
"C127","10pF","unpolarised-nominal-0402-1005","149.000000","-119.400000","90.000000","bottom"
"C201","22μF","unpolarised-nominal-0805-2012","95.600000","-145.200000","-90.000000","bottom"
"C202","22μF","unpolarised-nominal-0805-2012","95.600000","-141.800000","90.000000","bottom"
"C203","4.7μF","unpolarised-nominal-0402-1005","94.100000","-144.500000","-90.000000","bottom"
"C204","4.7μF","unpolarised-nominal-0402-1005","94.100000","-142.500000","90.000000","bottom"
"C205","4.7μF","unpolarised-nominal-0402-1005","88.900000","-143.500000","-90.000000","bottom"
"C206","4.7μF","unpolarised-nominal-0402-1005","79.000000","-138.000000","0.000000","bottom"
"C207","22μF","unpolarised-nominal-0805-2012","82.500000","-146.500000","0.000000","bottom"
"C208","22μF","unpolarised-nominal-0805-2012","74.000000","-133.700000","180.000000","bottom"
"C209","4.7μF","unpolarised-nominal-0402-1005","76.200000","-130.800000","90.000000","bottom"
"C210","4.7μF","unpolarised-nominal-0402-1005","74.800000","-132.200000","180.000000","bottom"
"C211","4.7μF","unpolarised-nominal-0402-1005","76.200000","-128.400000","-90.000000","bottom"
"C212","22μF","unpolarised-nominal-0805-2012","74.000000","-126.500000","180.000000","bottom"
"C213","22μF","unpolarised-nominal-0805-2012","74.000000","-121.000000","180.000000","bottom"
"C214","22μF","unpolarised-nominal-0805-2012","49.000000","-131.300000","180.000000","bottom"
"C218","4.7μF","unpolarised-nominal-0402-1005","52.800000","-137.600000","90.000000","bottom"
"C220","22μF","unpolarised-nominal-0805-2012","54.200000","-143.500000","0.000000","bottom"
"C221","22μF","unpolarised-nominal-0805-2012","45.300000","-129.300000","180.000000","bottom"
"C222","22μF","unpolarised-nominal-0805-2012","45.300000","-133.200000","180.000000","bottom"
"C224","4.7μF","unpolarised-nominal-0402-1005","66.100000","-140.100000","-90.000000","bottom"
"C226","22μF","unpolarised-nominal-0805-2012","59.800000","-143.500000","180.000000","bottom"
"C227","22μF","unpolarised-nominal-0805-2012","82.500000","-121.000000","180.000000","bottom"
"C230","4.7nF","unpolarised-nominal-0603-1608","60.000000","-127.500000","90.000000","bottom"
"C231","4.7μF","unpolarised-nominal-0402-1005","91.500000","-85.200000","180.000000","bottom"
"C232","4.7μF","unpolarised-nominal-0402-1005","50.000000","-120.100000","-90.000000","bottom"
"C233","4.7μF","unpolarised-nominal-0402-1005","68.000000","-151.300000","-90.000000","bottom"
"C234","4.7μF","unpolarised-nominal-0402-1005","62.200000","-136.500000","-90.000000","bottom"
"C236","4.7nF","unpolarised-nominal-0603-1608","56.300000","-131.300000","180.000000","bottom"
"C237","470pF","unpolarised-nominal-0402-1005","58.300000","-131.300000","-90.000000","bottom"
"C238","4.7nF","unpolarised-nominal-0603-1608","54.000000","-130.800000","-90.000000","bottom"
"C239","4.7μF","unpolarised-nominal-0402-1005","51.800000","-121.700000","90.000000","bottom"
"C241","4.7nF","unpolarised-nominal-0603-1608","57.700000","-127.000000","0.000000","bottom"
"C242","470pF","unpolarised-nominal-0402-1005","55.700000","-127.000000","90.000000","bottom"
"C243","4.7μF","unpolarised-nominal-0402-1005","65.200000","-130.900000","0.000000","bottom"
"C244","4.7μF","unpolarised-nominal-0402-1005","48.800000","-127.300000","180.000000","bottom"
"C301","4.7μF","unpolarised-nominal-0402-1005","108.100000","-109.700000","-90.000000","bottom"
"C302","4.7μF","unpolarised-nominal-0402-1005","101.800000","-93.100000","180.000000","bottom"
"C303","4.7μF","unpolarised-nominal-0402-1005","106.200000","-90.300000","90.000000","bottom"
"C304","4.7μF","unpolarised-nominal-0402-1005","110.600000","-90.800000","180.000000","bottom"
"C305","4.7μF","unpolarised-nominal-0402-1005","118.200000","-93.100000","180.000000","bottom"
"C306","4.7μF","unpolarised-nominal-0402-1005","119.700000","-99.200000","0.000000","bottom"
"C307","4.7μF","unpolarised-nominal-0402-1005","117.400000","-107.800000","0.000000","bottom"
"C308","22μF","unpolarised-nominal-0805-2012","112.900000","-114.300000","-90.000000","bottom"
"C310","4.7μF","unpolarised-nominal-0402-1005","109.400000","-109.700000","-90.000000","bottom"
"C314","4.7μF","unpolarised-nominal-0402-1005","100.800000","-100.800000","-90.000000","bottom"
"C315","13pF","unpolarised-nominal-0402-1005","114.800000","-90.300000","90.000000","bottom"
"C316","13pF","unpolarised-nominal-0402-1005","121.000000","-90.320000","90.000000","bottom"
"C319","16pF","unpolarised-nominal-0402-1005","97.400000","-106.800000","90.000000","bottom"
"C320","16pF","unpolarised-nominal-0402-1005","97.400000","-104.600000","-90.000000","bottom"
"C322","4.7μF","unpolarised-nominal-0402-1005","100.800000","-102.700000","-90.000000","bottom"
"C324","4.7nF","unpolarised-nominal-0603-1608","99.600000","-98.700000","-90.000000","bottom"
"C326","4.7μF","unpolarised-nominal-0402-1005","136.200000","-86.500000","0.000000","bottom"
"C327","4.7μF","unpolarised-nominal-0402-1005","136.200000","-91.500000","0.000000","bottom"
"C336","4.7μF","unpolarised-nominal-0402-1005","134.100000","-99.500000","180.000000","bottom"
"C347","4.7μF","unpolarised-nominal-0402-1005","56.900000","-55.000000","180.000000","bottom"
"C348","4.7μF","unpolarised-nominal-0402-1005","123.000000","-46.000000","90.000000","bottom"
"C349","4.7μF","unpolarised-nominal-0402-1005","146.000000","-55.000000","180.000000","bottom"
"C350","4.7μF","unpolarised-nominal-0402-1005","148.500000","-79.800000","-90.000000","bottom"
"C401","4.7μF","unpolarised-nominal-0402-1005","66.500000","-79.800000","0.000000","bottom"
"C402","4.7μF","unpolarised-nominal-0402-1005","65.500000","-84.800000","0.000000","bottom"
"C403","22μF","unpolarised-nominal-0805-2012","63.700000","-82.200000","90.000000","bottom"
"C404","22μF","unpolarised-nominal-0805-2012","59.900000","-82.200000","90.000000","bottom"
"C408","100nF","unpolarised-nominal-1206-3216","98.100000","-91.700000","90.000000","bottom"
"C409","4.7nF","unpolarised-nominal-0603-1608","94.800000","-91.000000","180.000000","bottom"
"C410","4.7nF","unpolarised-nominal-0603-1608","94.800000","-94.400000","180.000000","bottom"
"C411","22pF","unpolarised-nominal-0402-1005","91.000000","-92.200000","180.000000","bottom"
"C412","100nF","unpolarised-nominal-1206-3216","87.000000","-91.700000","90.000000","bottom"
"C413","4.7μF","unpolarised-nominal-0402-1005","92.200000","-88.400000","180.000000","bottom"
"C414","4.7μF","unpolarised-nominal-0402-1005","81.300000","-86.600000","180.000000","bottom"
"C416","4.7μF","unpolarised-nominal-0402-1005","89.400000","-90.300000","-90.000000","bottom"
"C417","4.7μF","unpolarised-nominal-0402-1005","81.300000","-94.000000","180.000000","bottom"
"C502","4.7μF","unpolarised-nominal-0402-1005","143.000000","-46.300000","180.000000","bottom"
"C503","4.7μF","unpolarised-nominal-0402-1005","143.000000","-41.100000","180.000000","bottom"
"C504","4.7μF","unpolarised-nominal-0402-1005","83.000000","-47.100000","90.000000","bottom"
"C507","4.7μF","unpolarised-nominal-0402-1005","147.600000","-41.000000","90.000000","bottom"
"C509","4.7μF","unpolarised-nominal-0402-1005","65.000000","-39.200000","-90.000000","bottom"
"C604","4.7μF","unpolarised-nominal-0402-1005","121.300000","-58.500000","90.000000","bottom"
"C605","4.7μF","unpolarised-nominal-0402-1005","78.700000","-69.500000","-90.000000","bottom"
"CONN001","GSB1CA11101DSHR","GSB1CA11101DSHR","134.600000","-122.000000","0.000000","bottom"
"CONN002","MSD-11-A","MSD-11-A","141.900000","-99.900000","-90.000000","bottom"
"CONN003","Cortex-M Debug Header","FTSH-105-?-?-DV-007-?-?","113.800000","-44.000000","-90.000000","bottom"
"CONN004","Cortex-M Debug Header with ETM","FTSH-110-01-?-DV-007-?-?","120.500000","-122.000000","180.000000","bottom"
"CONN005","EastRising ER-TFT1.32-1","OK-14GF024-04","122.080000","-61.460000","0.000000","bottom"
"CONN006","EastRising ER-TFT1.32-1","OK-14GF024-04","77.920000","-66.540000","180.000000","bottom"
"D001","D5V0FS4U10LP","D5V0FS4U10LP","108.800000","-43.900000","-90.000000","bottom"
"D002","D5V0FS4U10LP","D5V0FS4U10LP","134.600000","-117.800000","0.000000","bottom"
"D003","D5V0FS4U10LP","D5V0FS4U10LP","117.700000","-116.500000","180.000000","bottom"
"D004","D5V0FS4U10LP","D5V0FS4U10LP","120.800000","-127.500000","90.000000","bottom"
"D005","D5V0FS4U10LP","D5V0FS4U10LP","122.700000","-116.500000","180.000000","bottom"
"D006","D5V0FS4U10LP","D5V0FS4U10LP","131.800000","-101.700000","-90.000000","bottom"
"D007","D5V0FS4U10LP","D5V0FS4U10LP","134.100000","-105.200000","-90.000000","bottom"
"D101","SD103AWS","SOD323","155.800000","-125.200000","180.000000","bottom"
"D201","SD103AWS","SOD323","51.300000","-136.800000","-90.000000","bottom"
"D202","SD103AWS","SOD323","49.000000","-133.300000","180.000000","bottom"
"D203","SD103AWS","SOD323","49.000000","-129.300000","0.000000","bottom"
"D204","SD103AWS","SOD323","67.600000","-138.200000","180.000000","bottom"
"D205","SD103AWS","SOD323","78.200000","-121.000000","0.000000","bottom"
"D206","SD103AWS","SOD323","49.000000","-118.200000","0.000000","bottom"
"D401","SD103AWS","SOD323","94.800000","-89.200000","180.000000","bottom"
"FB001","WLBD2012HCU601TH","WLBD2012","113.800000","-48.600000","0.000000","bottom"
"FB101","WLBD2012HCU121TH","WLBD2012","158.500000","-122.500000","90.000000","bottom"
"FB201","WLBD2012HCU601TH","WLBD2012","98.900000","-143.500000","180.000000","bottom"
"FB401","WLBD2012HCU121TH","WLBD2012","61.800000","-82.200000","-90.000000","bottom"
"L101","680nH","07A7","153.800000","-114.500000","180.000000","bottom"
"L301","10μH","HPC4018NF","109.400000","-114.300000","0.000000","bottom"
"LED001","SD Card Busy","nominal-0603-1608","148.100000","-89.000000","90.000000","bottom"
"Q101","NX6008NBKW","SOT323","128.700000","-113.400000","180.000000","bottom"
"Q301","NX6008NBKW","SOT323","145.600000","-89.000000","0.000000","bottom"
"Q501","NX6008NBKW","SOT323","146.300000","-43.700000","-90.000000","bottom"
"Q502","NX6008NBKW","SOT323","148.900000","-43.700000","-90.000000","bottom"
"Q503","NX6008NBKW","SOT323","139.300000","-39.000000","90.000000","bottom"
"Q504","NX6008NBKW","SOT323","66.300000","-36.500000","90.000000","bottom"
"Q505","NX6008NBKW","SOT323","63.700000","-36.500000","90.000000","bottom"
"Q601","NX6008NBKW","SOT323","136.691100","-79.800000","0.000000","bottom"
"Q602","BC847BS","SOT363","116.300000","-60.900000","180.000000","bottom"
"Q603","BC847BS","SOT363","83.700000","-67.100000","0.000000","bottom"
"R001","330Ω","nominal-0402-1005","118.700000","-41.300000","0.000000","bottom"
"R002","10kΩ","nominal-0402-1005","118.700000","-44.600000","180.000000","bottom"
"R003","10kΩ","nominal-0402-1005","118.700000","-42.400000","180.000000","bottom"
"R004","43Ω","nominal-0402-1005","106.300000","-41.700000","180.000000","bottom"
"R005","43Ω","nominal-0402-1005","106.300000","-42.800000","180.000000","bottom"
"R006","10kΩ","nominal-0402-1005","118.700000","-43.500000","0.000000","bottom"
"R007","43Ω","nominal-0402-1005","106.300000","-43.900000","180.000000","bottom"
"R008","43Ω","nominal-0402-1005","106.300000","-46.100000","180.000000","bottom"
"R009","43Ω","nominal-0402-1005","106.300000","-47.200000","180.000000","bottom"
"R010","43Ω","nominal-0402-1005","106.300000","-48.300000","180.000000","bottom"
"R011","43Ω","nominal-0402-1005","93.700000","-45.000000","180.000000","bottom"
"R012","10kΩ","nominal-0402-1005","113.800000","-50.800000","-90.000000","bottom"
"R013","1kΩ","nominal-0402-1005","112.000000","-50.800000","-90.000000","bottom"
"R014","1kΩ","nominal-0402-1005","122.300000","-96.700000","180.000000","bottom"
"R015","330Ω","nominal-0402-1005","126.500000","-116.500000","90.000000","bottom"
"R016","390Ω","nominal-0402-1005","143.400000","-89.000000","90.000000","bottom"
"R017","390Ω","nominal-0402-1005","142.400000","-89.000000","90.000000","bottom"
"R018","43Ω","nominal-0402-1005","134.100000","-95.100000","180.000000","bottom"
"R019","43Ω","nominal-0402-1005","134.100000","-96.200000","180.000000","bottom"
"R020","43Ω","nominal-0402-1005","134.100000","-100.600000","180.000000","bottom"
"R021","43Ω","nominal-0402-1005","134.100000","-101.700000","180.000000","bottom"
"R022","43Ω","nominal-0402-1005","134.100000","-102.800000","180.000000","bottom"
"R101","300kΩ","nominal-0402-1005","145.300000","-124.600000","90.000000","bottom"
"R102","0Ω","nominal-0402-1005","145.300000","-119.400000","90.000000","bottom"
"R103","1kΩ","nominal-0402-1005","144.300000","-119.400000","90.000000","bottom"
"R104","33kΩ","nominal-0402-1005","131.400000","-111.900000","180.000000","bottom"
"R105","33kΩ","nominal-0402-1005","131.400000","-113.400000","180.000000","bottom"
"R106","33kΩ","nominal-0402-1005","126.500000","-113.400000","-90.000000","bottom"
"R107","2.2Ω","nominal-0402-1005","134.350000","-115.600000","90.000000","bottom"
"R108","2.2Ω","nominal-0402-1005","133.350000","-115.600000","90.000000","bottom"
"R109","3.3kΩ","nominal-0402-1005","137.200000","-109.400000","90.000000","bottom"
"R110","33kΩ","nominal-0402-1005","156.800000","-126.700000","180.000000","bottom"
"R111","33kΩ","nominal-0402-1005","151.500000","-122.500000","180.000000","bottom"
"R112","88.7kΩ","nominal-0402-1005","150.000000","-119.410000","90.000000","bottom"
"R113","19.6kΩ","nominal-0402-1005","151.000000","-119.400000","-90.000000","bottom"
"R114","3.3kΩ","nominal-0402-1005","151.500000","-123.500000","0.000000","bottom"
"R201","4.99kΩ","nominal-0402-1005","49.800000","-136.800000","-90.000000","bottom"
"R202","4.99kΩ","nominal-0402-1005","48.800000","-136.800000","90.000000","bottom"
"R203","0Ω","nominal-0402-1005","52.800000","-140.100000","-90.000000","bottom"
"R205","27Ω","nominal-0402-1005","54.200000","-142.000000","180.000000","bottom"
"R206","4.3kΩ","nominal-0402-1005","67.100000","-140.100000","90.000000","bottom"
"R207","4.3kΩ","nominal-0402-1005","68.100000","-140.100000","90.000000","bottom"
"R208","4.99kΩ","nominal-0402-1005","69.100000","-140.100000","-90.000000","bottom"
"R209","0Ω","nominal-0402-1005","61.200000","-140.100000","-90.000000","bottom"
"R211","27Ω","nominal-0402-1005","59.800000","-142.000000","0.000000","bottom"
"R212","2.49kΩ","nominal-0402-1005","61.700000","-120.100000","180.000000","bottom"
"R214","68Ω","nominal-0402-1005","58.500000","-116.300000","180.000000","bottom"
"R215","2.49kΩ","nominal-0402-1005","61.200000","-118.200000","90.000000","bottom"
"R216","2.49kΩ","nominal-0402-1005","62.200000","-118.200000","90.000000","bottom"
"R217","2.49kΩ","nominal-0402-1005","51.800000","-118.200000","90.000000","bottom"
"R218","2.49kΩ","nominal-0402-1005","52.800000","-118.200000","90.000000","bottom"
"R219","68Ω","nominal-0402-1005","55.500000","-116.300000","0.000000","bottom"
"R220","4.99kΩ","nominal-0402-1005","48.000000","-120.100000","90.000000","bottom"
"R221","4.99kΩ","nominal-0402-1005","49.000000","-120.100000","-90.000000","bottom"
"R222","33kΩ","nominal-0402-1005","94.300000","-82.300000","0.000000","bottom"
"R223","33kΩ","nominal-0402-1005","94.300000","-81.200000","0.000000","bottom"
"R224","33kΩ","nominal-0402-1005","94.300000","-83.400000","0.000000","bottom"
"R225","390Ω","nominal-0402-1005","61.200000","-136.500000","90.000000","bottom"
"R226","47Ω","nominal-0402-1005","61.700000","-135.100000","0.000000","bottom"
"R227","390Ω","nominal-0402-1005","62.200000","-133.700000","-90.000000","bottom"
"R228","1.24kΩ","nominal-0402-1005","65.200000","-135.500000","0.000000","bottom"
"R229","2.49kΩ","nominal-0402-1005","66.000000","-133.200000","90.000000","bottom"
"R230","4.99kΩ","nominal-0402-1005","61.700000","-132.300000","0.000000","bottom"
"R231","4.12kΩ","nominal-0402-1005","60.300000","-131.300000","90.000000","bottom"
"R232","64.9Ω","nominal-0402-1005","59.300000","-131.300000","-90.000000","bottom"
"R233","49.9kΩ","nominal-0402-1005","52.800000","-131.800000","-90.000000","bottom"
"R234","0Ω","nominal-0402-1005","52.800000","-133.700000","-90.000000","bottom"
"R235","2.49kΩ","nominal-0402-1005","52.800000","-121.700000","-90.000000","bottom"
"R236","100Ω","nominal-0402-1005","52.300000","-123.100000","180.000000","bottom"
"R237","390Ω","nominal-0402-1005","51.800000","-124.500000","90.000000","bottom"
"R238","1.24kΩ","nominal-0402-1005","48.800000","-122.700000","180.000000","bottom"
"R239","2.49kΩ","nominal-0402-1005","48.000000","-125.000000","-90.000000","bottom"
"R240","4.99kΩ","nominal-0402-1005","52.300000","-125.900000","180.000000","bottom"
"R241","4.12kΩ","nominal-0402-1005","53.700000","-127.000000","-90.000000","bottom"
"R242","64.9Ω","nominal-0402-1005","54.700000","-127.000000","90.000000","bottom"
"R243","49.9kΩ","nominal-0402-1005","61.200000","-126.490000","90.000000","bottom"
"R244","0Ω","nominal-0402-1005","61.200000","-124.600000","90.000000","bottom"
"R301","10kΩ","nominal-0402-1005","114.900000","-127.500000","90.000000","bottom"
"R302","10kΩ","nominal-0402-1005","116.700000","-127.500000","-90.000000","bottom"
"R303","10kΩ","nominal-0402-1005","118.500000","-127.500000","-90.000000","bottom"
"R307","0Ω","nominal-0402-1005","115.800000","-90.300000","90.000000","bottom"
"R309","0Ω","nominal-0402-1005","100.800000","-105.700000","90.000000","bottom"
"R310","33kΩ","nominal-0402-1005","136.300000","-81.600000","0.000000","bottom"
"R311","43Ω","nominal-0402-1005","104.900000","-109.700000","90.000000","bottom"
"R312","43Ω","nominal-0402-1005","105.900000","-109.700000","-90.000000","bottom"
"R313","43Ω","nominal-0402-1005","106.900000","-109.700000","-90.000000","bottom"
"R314","43Ω","nominal-0402-1005","110.600000","-109.700000","-90.000000","bottom"
"R315","43Ω","nominal-0402-1005","111.800000","-109.700000","-90.000000","bottom"
"R316","43Ω","nominal-0402-1005","112.800000","-109.700000","-90.000000","bottom"
"R317","43Ω","nominal-0402-1005","113.800000","-109.700000","-90.000000","bottom"
"R318","1.8kΩ","nominal-0402-1005","149.500000","-55.000000","0.000000","bottom"
"R319","1.8kΩ","nominal-0402-1005","151.500000","-55.000000","0.000000","bottom"
"R320","43Ω","nominal-0402-1005","119.700000","-105.200000","0.000000","bottom"
"R321","43Ω","nominal-0402-1005","119.700000","-104.200000","0.000000","bottom"
"R322","43Ω","nominal-0402-1005","119.700000","-103.200000","0.000000","bottom"
"R323","43Ω","nominal-0402-1005","119.700000","-102.200000","0.000000","bottom"
"R324","43Ω","nominal-0402-1005","119.700000","-101.200000","0.000000","bottom"
"R325","43Ω","nominal-0402-1005","119.700000","-100.200000","0.000000","bottom"
"R326","33kΩ","nominal-0402-1005","131.800000","-104.200000","0.000000","bottom"
"R327","33kΩ","nominal-0402-1005","131.800000","-105.600000","0.000000","bottom"
"R328","330Ω","nominal-0402-1005","122.300000","-99.700000","0.000000","bottom"
"R329","330Ω","nominal-0402-1005","122.300000","-98.700000","0.000000","bottom"
"R330","43Ω","nominal-0402-1005","122.300000","-97.700000","0.000000","bottom"
"R331","43Ω","nominal-0402-1005","119.700000","-97.000000","0.000000","bottom"
"R332","43Ω","nominal-0402-1005","122.300000","-95.600000","0.000000","bottom"
"R333","43Ω","nominal-0402-1005","122.300000","-94.500000","0.000000","bottom"
"R334","43Ω","nominal-0402-1005","122.300000","-93.400000","0.000000","bottom"
"R335","41.2Ω","nominal-0402-1005","102.200000","-90.300000","-90.000000","bottom"
"R336","41.2Ω","nominal-0402-1005","103.200000","-90.300000","-90.000000","bottom"
"R337","41.2Ω","nominal-0402-1005","104.200000","-90.300000","-90.000000","bottom"
"R338","41.2Ω","nominal-0402-1005","105.200000","-90.300000","-90.000000","bottom"
"R339","41.2Ω","nominal-0402-1005","107.200000","-90.300000","-90.000000","bottom"
"R340","1.8kΩ","nominal-0402-1005","108.200000","-90.300000","-90.000000","bottom"
"R341","1.8kΩ","nominal-0402-1005","109.200000","-90.300000","-90.000000","bottom"
"R343","33kΩ","nominal-0402-1005","139.500000","-87.500000","0.000000","bottom"
"R344","33kΩ","nominal-0402-1005","139.500000","-90.500000","180.000000","bottom"
"R345","5.1kΩ","nominal-0402-1005","139.500000","-89.500000","0.000000","bottom"
"R346","39kΩ","nominal-0402-1005","139.500000","-88.500000","180.000000","bottom"
"R401","33kΩ","nominal-0402-1005","69.200000","-81.100000","0.000000","bottom"
"R402","33kΩ","nominal-0402-1005","69.200000","-83.500000","180.000000","bottom"
"R403","68kΩ","nominal-0402-1005","67.500000","-84.800000","180.000000","bottom"
"R404","19.6kΩ","nominal-0402-1005","94.400000","-92.700000","90.000000","bottom"
"R405","5.1kΩ","nominal-0402-1005","93.400000","-92.700000","-90.000000","bottom"
"R406","16kΩ","nominal-0402-1005","92.400000","-92.700000","90.000000","bottom"
"R407","39kΩ","nominal-0402-1005","91.000000","-93.200000","180.000000","bottom"
"R408","19.6kΩ","nominal-0402-1005","83.600000","-88.100000","-90.000000","bottom"
"R409","19.6kΩ","nominal-0402-1005","83.600000","-90.300000","-90.000000","bottom"
"R502","33kΩ","nominal-0402-1005","142.400000","-79.800000","90.000000","bottom"
"R503","100Ω","nominal-0402-1005","146.200000","-41.000000","-90.000000","bottom"
"R504","100Ω","nominal-0402-1005","149.000000","-41.000000","-90.000000","bottom"
"R505","1.8kΩ","nominal-0402-1005","84.000000","-49.000000","-90.000000","bottom"
"R506","1.8kΩ","nominal-0402-1005","82.000000","-49.000000","-90.000000","bottom"
"R507","33kΩ","nominal-0402-1005","133.500000","-79.800000","90.000000","bottom"
"R508","33kΩ","nominal-0402-1005","143.400000","-79.800000","-90.000000","bottom"
"R509","33kΩ","nominal-0402-1005","144.400000","-79.800000","-90.000000","bottom"
"R510","100Ω","nominal-0402-1005","66.400000","-39.200000","90.000000","bottom"
"R511","100Ω","nominal-0402-1005","63.600000","-39.200000","90.000000","bottom"
"R512","33kΩ","nominal-0402-1005","67.700000","-39.200000","-90.000000","bottom"
"R513","33kΩ","nominal-0402-1005","62.300000","-39.200000","-90.000000","bottom"
"R601","33kΩ","nominal-0402-1005","134.491100","-79.800000","90.000000","bottom"
"R602","33kΩ","nominal-0402-1005","77.300000","-63.600000","90.000000","bottom"
"R603","33kΩ","nominal-0402-1005","122.700000","-64.400000","-90.000000","bottom"
"R604","33kΩ","nominal-0402-1005","80.900000","-63.600000","90.000000","bottom"
"R605","33kΩ","nominal-0402-1005","119.100000","-64.400000","-90.000000","bottom"
"R606","33kΩ","nominal-0402-1005","74.900000","-63.600000","90.000000","bottom"
"R607","33kΩ","nominal-0402-1005","125.100000","-64.400000","-90.000000","bottom"
"R608","33kΩ","nominal-0402-1005","78.500000","-63.600000","90.000000","bottom"
"R609","33kΩ","nominal-0402-1005","121.500000","-64.400000","-90.000000","bottom"
"R610","33kΩ","nominal-0402-1005","76.100000","-63.600000","-90.000000","bottom"
"R611","33kΩ","nominal-0402-1005","123.900000","-64.400000","90.000000","bottom"
"R612","33kΩ","nominal-0402-1005","79.700000","-63.600000","90.000000","bottom"
"R613","33kΩ","nominal-0402-1005","120.300000","-64.400000","-90.000000","bottom"
"R614","33kΩ","nominal-0402-1005","116.300000","-59.000000","180.000000","bottom"
"R615","33kΩ","nominal-0402-1005","71.600000","-66.600000","90.000000","bottom"
"R616","33kΩ","nominal-0402-1005","129.400000","-61.400000","90.000000","bottom"
"R617","33kΩ","nominal-0402-1005","70.600000","-66.600000","90.000000","bottom"
"R618","33kΩ","nominal-0402-1005","128.400000","-61.400000","90.000000","bottom"
"R619","18Ω","nominal-0402-1005","116.300000","-62.800000","0.000000","bottom"
"R620","18Ω","nominal-0402-1005","83.700000","-65.200000","180.000000","bottom"
"SPK001","Header (Molex 502443-0270)","502443-0270","81.300000","-99.500000","0.000000","bottom"
"U001","BC805M","BC805M","100.000000","-42.200000","180.000000","bottom"
"U101","MP5016HGQH","QFN10-1.5x2.0mm-0.5mm","144.800000","-122.000000","0.000000","bottom"
"U102","BQ24392RSER","UQFN10-1.5x2.0mm-0.5mm","133.850000","-113.400000","-90.000000","bottom"
"U103","FUSB302BMPX","WQFN14-2.5x2.5mm-0.5mm-expad-1.45x1.45mm-thermvias","139.900000","-113.400000","-90.000000","bottom"
"U104","TPS628512DRLR","SOT583","152.800000","-119.400000","90.000000","bottom"
"U201","TPS7A2042PDBVR","TPS7A20??PDBVR","91.500000","-143.500000","180.000000","bottom"
"U202","TPS7A2036PDBVR","TPS7A20??PDBVR","74.000000","-129.600000","90.000000","bottom"
"U203","MCP6499","SOIC14-3.9x8.65mm-1.27mm","57.000000","-136.900000","180.000000","bottom"
"U204","MCP6499","SOIC14-3.9x8.65mm-1.27mm","57.000000","-121.400000","180.000000","bottom"
"U205","74HC595BQ","DHVQFN16-2.5x3.5mm-0.5mm-expad-2x1mm","91.500000","-82.300000","0.000000","bottom"
"U206","TMUX1511RSV","UQFN16-1.8x2.6mm-0.4mm","64.100000","-133.200000","180.000000","bottom"
"U207","TMUX1511RSV","UQFN16-1.8x2.6mm-0.4mm","49.900000","-125.000000","0.000000","bottom"
"U301","PIC32CX1025SG41100-I/E5X","TQFP100-14x14mm-0.5mm","110.000000","-100.000000","0.000000","bottom"
"U302","AP22653AW6","SOT26","136.700000","-89.000000","-90.000000","bottom"
"U401","AP22653AW6","SOT26","66.500000","-82.300000","-90.000000","bottom"
"U402","MCP6486U","SOT353","91.500000","-90.300000","180.000000","bottom"
"U403","IS31AP4991A-SLS2","MSOP8-3x3mm-0.65mm","81.300000","-90.300000","-90.000000","bottom"
"U501","TPS7A2028PDBVR","TPS7A20??PDBVR","142.500000","-43.700000","90.000000","bottom"
"U601","TMUX1574RSV","UQFN16-1.8x2.6mm-0.4mm","103.500000","-87.100000","90.000000","bottom"
"U602","TMUX1574RSV","UQFN16-1.8x2.6mm-0.4mm","107.900000","-87.100000","90.000000","bottom"
"U603","TMUX1574RSV","UQFN16-1.8x2.6mm-0.4mm","143.000000","-49.500000","-90.000000","bottom"
"XTAL301","24MHz","3225-1-3","118.400000","-89.600000","0.000000","bottom"
"XTAL303","32.768kHz","3215","99.100000","-105.700000","90.000000","bottom"
